"x","y1","y2"
1,135.816260534419,131.906886999354
2,135.805674547344,131.918678537754
3,135.794742166088,131.930774435798
4,135.783432134016,131.94313551731
5,135.771715163579,131.955724115381
6,135.759563156822,131.968502801926
7,135.746949048845,131.981433750216
8,135.733846694105,131.994479227795
9,135.720230812208,132.007602399521
10,135.706078355191,132.020768539704
11,135.691367889664,132.033944084827
12,135.676078664716,132.047095886159
13,135.660189837646,132.060190587492
14,135.643681906508,132.073196210165
15,135.626537529156,132.08608224441
16,135.608740450999,132.098819030685
17,135.590275588553,132.111377585852
18,135.571128837112,132.123729598049
19,135.551287114731,132.135847681549
20,135.530738413018,132.147705570449
21,135.509471477866,132.159277347507
22,135.487475912775,132.17053781521
23,135.46474151151,132.181462368193
24,135.441257868692,132.192026485637
25,135.417014969043,132.202206616795
26,135.392003510721,132.21198063471
27,135.366214800317,132.221327218285
28,135.339640283816,132.23022522065
29,135.312271355272,132.238653627454
30,135.284100630159,132.246592790725
31,135.255122002482,132.254024655948
32,135.225330084222,132.260932469952
33,135.194720433882,132.26730119363
34,135.163289679292,132.273117380624
35,135.131035511343,132.278368500805
36,135.0979561725,132.283042554011
37,135.064050153036,132.287128202764
38,135.029316784022,132.290615924137
39,134.993756581589,132.293497939363
40,134.957370583487,132.295766995996
41,134.920159844223,132.29741580206
42,134.882125650762,132.298438020869
43,134.843269503162,132.298828145039
44,134.803593370704,132.298581633167
45,134.763099533914,132.297694194182
46,134.721790688248,132.296161838174
47,134.679670669296,132.293981707003
48,134.636743882836,132.291151696411
49,134.593015652877,132.287670642962
50,134.548491933228,132.28353798775
51,134.503179361786,132.278754083384
52,134.457084862234,132.273319712264
53,134.410215701558,132.267236208899
54,134.362579432374,132.260505443307
55,134.314183876017,132.253129886167
56,134.265037545497,132.245112826073
57,134.215149699988,132.236458932498
58,134.164530109817,132.227173198957
59,134.113189295055,132.217261047097
60,134.061138201382,132.20672755146
61,134.008388026694,132.195577647426
62,133.941055422223,132.196226960865
63,133.871988146728,132.19567443237
64,133.801174025383,132.193899244758
65,133.728602630217,132.190883229162
66,133.654267190564,132.186611779816
67,133.578163152983,132.181072048865
68,133.500286745266,132.174251271497
69,133.420633426864,132.166135936962
70,133.339199711762,132.156712272692
71,133.25598270155,132.145965969553
72,133.170982087402,132.133882489377
73,133.084200196004,132.120447439355
74,132.995641279573,132.105647697638
75,132.905312168963,132.089472930093
76,132.81322194153,132.071916569956
77,132.719382876233,132.052976635881
78,132.623810693905,132.032656203646
79,132.526524184282,132.010960819423
80,132.427545149111,131.987898329738
81,132.326897594166,131.96347807701
82,132.224607529747,131.937711209244
83,132.120702537557,131.91061015413
84,132.015211868045,131.88218837868
85,131.908166035686,131.852459020892
86,131.799597603442,131.821437046644
87,131.689540764294,131.789139663212
88,131.57802960476,131.755585092424
89,131.465100000505,131.720793921947
90,131.350790784162,131.684789671358
91,131.235142484018,131.647598168671
92,131.118196489796,131.609247160145
93,130.999995220577,131.569766049553
94,130.880582094776,131.529184507482
95,130.760002057751,131.487533735279
96,130.638301238911,131.444845669443
97,130.51552647113,131.40115229783
98,130.391725844359,131.356487143166
99,130.266948868933,131.310885722964
100,130.141246572033,131.264385225775
101,130.014670877776,131.217023037345
102,129.887274192344,131.168835248787
103,129.759109051807,131.119855750468
104,129.630228415946,131.07011740999
105,129.50068609808,131.019653422441
106,129.370537143018,130.968497587761
107,129.23983745634,130.916683906353
108,129.108642736184,130.864244955929
109,128.977008311032,130.811212624997
110,128.844990287337,130.757620318022
111,128.712645569092,130.703501264241
112,128.580031765361,130.648889358626
113,128.447207534348,130.593819509815
114,128.314232910344,130.538328280111
115,128.18116849904,130.482453065876
116,128.048075596565,130.426232133707
117,127.915016105048,130.36970441351
118,127.782052381534,130.312908822565
119,127.649246702629,130.25588306947
120,127.516660786245,130.198663889694
121,127.384356542787,130.141289185614
122,127.252395668514,130.083796864025
123,127.12073115322,130.025866193509
124,126.989438644241,129.967542364662
125,126.858593466169,129.908870264571
126,126.728270754488,129.849895320058
127,126.598546255538,129.790664965664
128,126.469496643419,129.731229092752
129,126.341199202645,129.67163975682
130,126.21373194282,129.611950333777
131,126.08717232385,129.552214241832
132,125.96159753307,129.492485934402
133,125.837085370675,129.432821344822
134,125.713715217526,129.373278658978
135,125.591565971184,129.313916573793
136,125.470715149965,129.25479448117
137,125.351240284512,129.195972777214
138,125.233218412062,129.137512864562
139,125.116726345659,129.079477244523
140,125.001840727463,129.021929141785
141,124.888637393851,128.964931650322
142,124.777191432085,128.908548171566
143,124.667576795458,128.852841775737
144,124.559867236981,128.797875742024
145,124.454136779088,128.74371418567
146,124.350458941463,128.69042077712
147,124.248906774725,128.638058315897
148,124.149553138174,128.586689583261
149,124.052471099565,128.536378711617
150,123.95773434177,128.487191066108
151,123.865415669607,128.439191344823
152,123.775586464621,128.392443126542
153,123.688317370196,128.347008939573
154,123.603677583047,128.302949362865
155,123.521734071955,128.260322504676
156,123.442551858014,128.21918542966
157,123.366194631103,128.179595141162
158,123.292725350268,128.141608400243
159,123.222205380111,128.105279599882
160,123.154693818776,128.070660666858
161,123.090248120086,128.037802294834
162,123.028925345826,128.006755484057
163,122.970781741485,127.977569980395
164,122.915872607183,127.950294330834
165,122.864252039339,127.924975698821
166,122.815973189496,127.901661093268
167,122.771088180774,127.880397510293
168,122.729646776246,127.861230349957
169,122.691696818309,127.844203263252
170,122.657283303626,127.829357503597
171,122.626448839843,127.816732756861
172,122.599233708949,127.806366651521
173,122.5756765532,127.798295720162
174,122.555814408568,127.792555224296
175,122.539682941715,127.789179566588
176,122.527316347913,127.788201856149
177,122.518746358013,127.789653171756
178,122.51400213555,127.793561393582
179,122.513110325189,127.799952584157
180,122.5160943888,127.80885067226
181,122.522975623793,127.820279518467
182,122.533773202342,127.834262192635
183,122.548504151296,127.850820858166
184,122.567188688691,127.869982807833
185,122.589843915009,127.891773227542
186,122.616484169628,127.916214007802
187,122.647119843222,127.943323593966
188,122.681758571477,127.973118611118
189,122.720406037617,128.005614851785
190,122.763066998841,128.040827717249
191,122.809743731246,128.078771436072
192,122.860436620615,128.119459146097
193,122.915142388909,128.16290233793
194,122.973853578849,128.209110507956
195,123.036559577567,128.258090796721
196,123.103246443513,128.309847474872
197,123.173896892911,128.364380831204
198,123.248490069228,128.42168690174
199,123.327001604463,128.481756585742
200,123.409403046928,128.54457658239
201,123.495661954321,128.610129529232
202,123.585742541988,128.678395040081
203,123.679606089406,128.749349944488
204,123.777211497027,128.822968259675
205,123.87851538518,128.899221722696
206,123.983472080669,128.97808054118
207,124.092033273491,129.059512646861
208,124.204148714602,129.143484207554
209,124.319767445506,129.229960016957
210,124.438836244081,129.318902569686
211,124.561298059569,129.410270857897
212,124.687092756581,129.504020155473
213,124.816157862009,129.600102246421
214,124.948428884831,129.698465910788
215,125.083839314617,129.799058129962
216,125.222320085841,129.901823270407
217,125.363800149992,130.00670444001
218,125.508207482311,130.113644195003
219,125.655468354715,130.222582745074
220,125.805506921386,130.33345778857
221,125.958245437197,130.446205577028
222,126.113604652329,130.560761998427
223,126.271504504125,130.677063938939
224,126.431864005888,130.795049193487
225,126.594601071911,130.914655645653
226,126.75963232591,131.035820199028
227,126.926872249025,131.158477672868
228,127.096233870589,131.282561882953
229,127.26762956242,131.408007180965
230,127.440971757884,131.53474890103
231,127.616171862668,131.662720427757
232,127.793139729154,131.791854259362
233,127.971783699329,131.922080978153
234,128.152010661631,132.05332990672
235,128.333725180313,132.185528065377
236,128.516830433644,132.318600535622
237,128.701227862165,132.452470122923
238,128.886817124231,132.58705796044
239,129.073497088129,132.722285046814
240,129.261165918525,132.858073189635
241,129.449722312177,132.994345213692
242,129.639064801311,133.131022545543
243,129.829092053246,133.268026388558
244,130.019701807482,133.405276512354
245,130.210791767522,133.542692012587
246,130.402259984711,133.680192446262
247,130.594005113696,133.817697659621
248,130.785925509413,133.955126388905
249,130.977918784926,134.092396400638
250,131.169882630063,134.229424750464
251,131.361714555762,134.366127965889
252,131.553312137353,134.502422362239
253,131.744573012139,134.638222844748
254,131.935394269936,134.773443426225
255,132.125671672289,134.907996830208
256,132.315301872484,135.041795678506
257,132.504182640299,135.174751484894
258,132.692211585057,135.306775094313
259,132.879287178815,135.437777238335
260,133.065308260024,135.567668122661
261,133.250173537114,135.69635733889
262,133.433783044648,135.823755907272
263,133.616038760632,135.949776719811
264,133.796845379459,136.074335529248
265,133.97610934198,136.197349883532
266,134.153738475638,136.318738184052
267,134.329642215202,136.438420398792
268,134.503730652889,136.556317815691
269,134.675913988989,136.672352446617
270,134.846102962641,136.786445753173
271,135.014208518506,136.898519361616
272,135.180142187943,137.008496196344
273,135.343816859531,137.116300368722
274,135.505146343552,137.221857454832
275,135.664046541206,137.325095675982
276,135.820436948916,137.425947601534
277,135.97423986761,137.52434818095
278,136.125380112263,137.620233038609
279,136.273784374952,137.713538696522
280,136.419381521286,137.80420435634
281,136.562103073895,137.892171992878
282,136.701883313047,137.977386489482
283,136.838657356268,138.059793346745
284,136.972362089122,138.139339929034
285,137.102936299419,138.215975276343
286,137.230320713929,138.289650233017
287,137.354457740481,138.360316475727
288,137.475290735566,138.427925446047
289,137.592765102135,138.492429823019
290,137.706828994595,138.553785344985
291,137.817434732455,138.611951665817
292,137.924538628602,138.666891283638
293,138.028100234378,138.718569494603
294,138.128081941993,138.766953290369
295,138.224448585205,138.81201114193
296,138.317166884351,138.853711910958
297,138.406205841361,138.892025938501
298,138.491537654003,138.926925916229
299,138.573137966495,138.958387864532
300,138.650986470173,138.986390939061
301,138.725067440424,139.010917798901
302,138.795368118933,139.031952046173
303,138.861879195186,139.049479428136
304,138.924594257468,139.063487423032
305,138.983510420832,139.073966166194
306,139.038628976423,139.080908705987
307,139.08995509101,139.084312125276
308,139.137497831382,139.08417714837
309,139.181269241863,139.080506725327
310,139.221283870516,139.073305607129
311,139.257558048401,139.062580140481
312,139.290111006474,139.048338759717
313,139.318964421698,139.030591993342
314,139.344143494434,139.009353444397
315,139.365677792683,138.984640367922
316,139.383600279332,138.956473054844
317,139.397947127361,138.924874464889
318,139.408757905866,138.889871084069
319,139.416075248407,138.851492393171
320,139.41994444096,138.809771595816
321,139.420414023853,138.76474682694
322,139.417535729778,138.716460822662
323,139.411364210951,138.664959876361
324,139.401956284778,138.610292893085
325,139.389370879684,138.552512097774
326,139.373668773103,138.491672420436
327,139.354912594317,138.427831567543
328,139.333166349353,138.361049223044
329,139.308495106868,138.291385325934
330,139.280964704607,138.21890066439
331,139.250642579802,138.143657063501
332,139.217598795459,138.065718780719
333,139.181905995061,137.985153356242
334,139.143638850212,137.902031227931
335,139.102873371457,137.816424940739
336,139.059687028836,137.728408686995
337,139.014158926574,137.638058536728
338,138.966369257487,137.54545133097
339,138.916398193224,137.450663891596
340,138.864326640813,137.353774824276
341,138.810236935863,137.254864390601
342,138.75421204119,137.154012875666
343,138.696335532162,137.05130030769
344,138.636690974772,136.946805761657
345,138.575362901742,136.840609085802
346,138.512436627675,136.732790715554
347,138.44799780892,136.623431653174
348,138.382133686506,136.512615791106
349,138.314932526903,136.400428881178
350,138.246483495434,136.286957392704
351,138.176875344102,136.172286507968
352,138.106196707878,136.056502139174
353,138.034537091058,135.939691513775
354,137.961986918015,135.821943758425
355,137.888636839115,135.703348165191
356,137.814579121408,135.583995398436
357,137.739906967206,135.463978193621
358,137.664715146045,135.343392067589
359,137.589100194133,135.222334497481
360,137.513158557463,135.100902847956
361,137.436987174633,134.979193982465
362,137.360681819782,134.85730338602
363,137.28433723529,134.735326206355
364,137.208046764615,134.613356464509
365,137.131903991434,134.491488416959
366,137.056001726931,134.369815438472
367,136.98043221071,134.248430283855
368,136.905286762525,134.127425324348
369,136.830656332891,134.006892535312
370,136.756631403358,133.886922643159
371,136.683301097554,133.767604614884
372,136.610753536762,133.649026798637
373,136.539076540298,133.531277618977
374,136.468357711073,133.414447115621
375,136.398685023839,133.298625733839
376,136.330147078608,133.183904040052
377,136.262831530402,133.070372219276
378,136.196825367669,132.958121134791
379,136.132214941457,132.84724096398
380,136.069085112471,132.737820530248
381,136.007519930889,132.629948111929
382,135.947603260368,132.523712177287
383,135.889417146061,132.419198779865
384,135.833040670576,132.316490677292
385,135.778548921945,132.215666087158
386,135.726013858378,132.116799640405
387,135.675504636093,132.019963947933
388,135.627088487863,131.925230119454
389,135.580831630592,131.83266813073
390,135.53679983382,131.742346760754
391,135.495056917387,131.654333020432
392,135.455664536443,131.56869072402
393,135.418682697243,131.485480900395
394,135.384169740003,131.404763165623
395,135.352182583654,131.326595648773
396,135.322775166252,131.251033394454
397,135.295997119938,131.178126181268
398,135.27189446517,131.107920002298
399,135.250510046751,131.040459556016
400,135.231883998053,130.975787760716
401,135.216054071666,130.913944864467
402,135.203055459294,130.854968444205
403,135.19292042966,130.798892574248
404,135.185680372476,130.745749665072
405,135.181363739256,130.695569174477
406,135.179996321618,130.648378347359
407,135.181601080347,130.604201942425
408,135.186198294634,130.563062315745
409,135.193807486435,130.524981332288
410,135.204446639165,130.489979412436
411,135.218131100251,130.458073303332
412,135.234871890063,130.429275253435
413,135.254675087388,130.403593482934
414,135.277543408777,130.381032906231
415,135.303476270638,130.361596604311
416,135.332470390646,130.345286559165
417,135.364520596196,130.332104725585
418,135.399619372548,130.322051372892
419,135.437756384849,130.315124696576
420,135.478917659772,130.31132012968
421,135.523084582933,130.310629811049
422,135.570234352607,130.313042589052
423,135.620341404376,130.318545988986
424,135.673376741368,130.327124995996
425,135.729308081269,130.338761658284
426,135.788099207799,130.353434745164
427,135.849709689131,130.37111984312
428,135.914095365132,130.391789015935
429,135.981209035534,130.415410912386
430,136.051001113622,130.441952158739
431,136.123420049297,130.471377813809
432,136.198413542229,130.503651817628
433,136.275927620628,130.538736848155
434,136.355906999492,130.576594559317
435,136.43829446892,130.617184169039
436,136.523030153564,130.660461815607
437,136.610052109935,130.706381436671
438,136.699296129981,130.754894816787
439,136.790695580178,130.80595117054
440,136.884181538412,130.859497758765
441,136.979683112759,130.915479411724
442,137.077127563825,130.973836799503
443,137.176440245127,131.034507022452
444,137.277544510406,131.097423673753
445,137.380362799081,131.162518732892
446,137.484816011243,131.229721322699
447,137.590823127983,131.298957586633
448,137.698301895409,131.370150900764
449,137.80717002036,131.443223226309
450,137.917344923561,131.518097003145
451,138.028743530492,131.594694424688
452,138.14128178052,131.672937478655
453,138.254874781553,131.752747316756
454,138.36943656007,131.834043734115
455,138.484880702776,131.916745860225
456,138.601120517233,132.000772885364
457,138.718068672699,132.086043713793
458,138.835637376699,132.172476585735
459,138.953738973224,132.259989720252
460,139.072286458881,132.34850211851
461,139.191193034446,132.437932376236
462,139.310371653113,132.528199220708
463,139.429735775622,132.619222416123
464,139.549199520631,132.71092290933
465,139.66867807771,132.80322313375
466,139.788086438984,132.896045238895
467,139.907339577295,132.98931171272
468,140.02635303216,133.082945503366
469,140.145042021198,133.176867453314
470,140.263321022616,133.270995956564
471,140.381104230244,133.365249269582
472,140.498306911416,133.459547769092
473,140.614845649537,133.553813098886
474,140.730637485987,133.647966623378
475,140.845600075184,133.741929458422
476,140.959652073319,133.83562350968
477,141.072711539365,133.928970117128
478,141.184696580564,134.021889280189
479,141.295524518767,134.114298873972
480,141.405111941944,134.206115711399
481,141.51337679295,134.297257486957
482,141.620237659035,134.387642995126
483,141.725614560383,134.47719250963
484,141.829429556561,134.565828453946
485,141.931607543857,134.653476253208
486,142.032074059857,134.740062331605
487,142.130756072161,134.825514981816
488,142.227581593345,134.909763381516
489,142.3224796296,134.992736728777
490,142.415380199097,135.074366137107
491,142.506215094598,135.154585928811
492,142.594918689212,135.233333892135
493,142.681427416936,135.310549386267
494,142.765679002604,135.386172581299
495,142.847612348726,135.46014311858
496,142.92716657928,135.53240077703
497,143.004280889262,135.602885619988
498,143.078895308037,135.671538181327
499,143.15095066152,135.738299502596
500,143.220390103841,135.803113430435
501,143.287159042026,135.865926144999
502,143.351204236289,135.92668512093
503,143.41247346358,135.985338539794
504,143.470916808653,136.041837063873
505,143.526487592668,136.096134264776
506,143.579143340112,136.148187816917
507,143.628844882363,136.197958541368
508,143.675555735952,136.245408613124
509,143.719240805843,136.290500725128
510,143.759867070938,136.333199136697
511,143.797403119691,136.373469791313
512,143.831820834771,136.411281985761
513,143.863095941504,136.446609876887
514,143.891207348123,136.479431520528
515,143.916136568174,136.509727143574
516,143.937867381345,136.537478734983
517,143.956387657276,136.562671869906
518,143.971689749417,136.585297059013
519,143.98377039573,136.605349262947
520,143.992629751022,136.622825028175
521,143.998270857796,136.637723049636
522,144.000699452313,136.65004483867
523,143.999924163127,136.65979461128
524,143.995956238809,136.66697931489
525,143.988807805137,136.671607829681
526,143.978494640536,136.673692564711
527,143.965035657119,136.673248449916
528,143.948453106027,136.670293060193
529,143.928772597045,136.664847415891
530,143.906020845737,136.656934373336
531,143.880226375282,136.646578769613
532,143.851419904611,136.633808157766
533,143.819635740066,136.618653771849
534,143.784913012111,136.601150958452
535,143.747293860069,136.581338361278
536,143.706823064541,136.559255724851
537,143.663547481144,136.534942963472
538,143.617515323165,136.508439709963
539,143.568776243883,136.479787016407
540,143.517381649241,136.449027261844
541,143.463385860126,136.416204489303
542,143.406847299513,136.381365134294
543,143.347826803026,136.344557348687
544,143.286387074487,136.305830050821
545,143.222593331187,136.265234145135
546,143.156514111394,136.222824011779
547,143.088221222745,136.178656621821
548,143.017789363782,136.132790879654
549,142.945295363141,136.085287183925
550,142.870817460172,136.036208043115
551,142.794434675428,135.985616295643
552,142.71622678304,135.933574646132
553,142.636272666566,135.880144906474
554,142.55465143216,135.825388602895
555,142.471441845785,135.769367116698
556,142.386723040713,135.712142779983
557,142.300574847052,135.65377902508
558,142.213077395842,135.594339982679
559,142.12431194212,135.533891443318
560,142.03436110195,135.472500800878
561,141.943308829271,135.4102364832
562,141.851240440219,135.347168761243
563,141.758242246478,135.283370215411
564,141.664401557045,135.218915008735
565,141.569806697114,135.153880668763
566,141.474546312533,135.088345286421
567,141.378710064183,135.022389401562
568,141.282389679536,134.956096679348
569,141.185677922659,134.889552836218
570,141.08866708721,134.822843951244
571,140.991448947259,134.756055147986
572,140.894114753827,134.689270468073
573,140.796755542153,134.622572983253
574,140.699461296409,134.556044626971
575,140.602321278295,134.489766331596
576,140.50542350139,134.42381814129
577,140.408855894832,134.358279078453
578,140.312706669207,134.293228029178
579,140.217064217431,134.228744204571
580,140.12201630726,134.164906554813
581,140.027649932928,134.101792901373
582,139.934051220931,134.039479781221
583,139.841304659528,133.978040966044
584,139.7494935333,133.91754860986
585,139.658699421503,133.858072781647
586,139.569001570288,133.799681031142
587,139.480477805818,133.742439275235
588,139.393204867822,133.686411346849
589,139.307258050653,133.631659530492
590,139.222711215308,133.578245692995
591,139.139638166325,133.526233181872
592,139.058111127084,133.475682792192
593,138.978200162768,133.426651385268
594,138.89997297711,133.379192665967
595,138.823495477167,133.333359078765
596,138.748831205402,133.289201186346
597,138.676042007392,133.246768427986
598,138.605189385518,133.206110733456
599,138.536333681044,133.167278319359
600,138.469534992937,133.130321860433
601,138.404852715826,133.095291356271
602,138.342343618413,133.062234501304
603,138.28206241745,133.0311966801
604,138.224062471136,133.002221950868
605,138.168394650267,132.975351451447
606,138.11510657188,132.950622432953
607,138.064244368806,132.928070714443
608,138.015852410992,132.907730123815
609,137.969973583559,132.889633139224
610,137.926649002636,132.873811093554
611,137.885918129082,132.860292211405
612,137.847818136666,132.849100699535
613,137.812383200347,132.840256939166
614,137.779644752439,132.833778835512
615,137.749631835045,132.82968242886
616,137.722371105972,132.827982102247
617,137.697887814173,132.828691162801
618,137.67620620841,132.831822416451
619,137.657349298444,132.837387892193
620,137.641338533184,132.84539767182
621,137.628191758285,132.855857670493
622,137.617924102006,132.868771410865
623,137.61054924697,132.884140832596
624,137.606079504981,132.90196589969
625,137.60452468041,132.922244007769
626,137.60589188986,132.944970967151
627,137.610184844402,132.970139720328
628,137.617404698451,132.997741869806
629,137.627551204204,133.027769232256
630,137.640623373933,133.060213708882
631,137.656617019298,133.095064399479
632,137.675525237848,133.132308077328
633,137.697337786301,133.1719289321
634,137.72204076179,133.213907811932
635,137.749617164908,133.258222283785
636,137.780046941796,133.304847021898
637,137.813307396758,133.353754226529
638,137.849371735894,133.404912583509
639,137.88820959264,133.458287177556
640,137.929786627761,133.513839280494
641,137.974064894291,133.571527661136
642,138.021003486192,133.631308341784
643,138.070558020768,133.693133778275
644,138.122680643607,133.756953516592
645,138.177321137638,133.822715398258
646,138.234428353815,133.890366033133
647,138.293947824291,133.959849295857
648,138.355822147435,134.031107096503
649,138.419990857662,134.104079263764
650,138.486390455685,134.178702750686
651,138.554956090682,134.254912438836
652,138.625621135274,134.332641956807
653,138.698317174703,134.411823923621
654,138.772973383528,134.492388965752
655,138.849515401272,134.57426507611
656,138.927866704598,134.657377894328
657,139.007949452229,134.74165295993
658,139.089685118287,134.827016678432
659,139.172994601499,134.913395964558
660,139.257798314138,135.000717251459
661,139.34401600445,135.088906595042
662,139.431566030251,135.177890139988
663,139.520364415237,135.267593514744
664,139.610326713854,135.357942720901
665,139.701367565438,135.448864009171
666,139.793399829728,135.540282313034
667,139.886333981209,135.632120026965
668,139.98007898525,135.72429855751
669,140.074542437006,135.816739021841
670,140.169631602378,135.909363410307
671,140.26525402089,136.002093384632
672,140.361318322123,136.094852339888
673,140.457734195793,136.1875658346
674,140.554413561846,136.280162148511
675,140.651268852317,136.372570675003
676,140.748213904619,136.464721204096
677,140.845163349287,136.556544219449
678,140.942032592604,136.647971040041
679,141.038737666481,136.738933179033
680,141.135194085703,136.829360646053
681,141.231316864037,136.919182716266
682,141.327020944901,137.008328871182
683,141.42222076097,137.096727237553
684,141.516830572167,137.184305652682
685,141.610764550661,137.270992415532
686,141.703937240288,137.35671378999
687,141.796263076034,137.441396303738
688,141.887656025257,137.524964716333
689,141.978028845697,137.607341787973
690,142.067293681836,137.688449192731
691,142.155363237407,137.768209172468
692,142.242151330611,137.846545326267
693,142.327573703476,137.923384273917
694,142.411547835223,137.998655497008
695,142.493994016585,138.07229165198
696,142.574834968422,138.144228143215
697,142.653995818536,138.21440169641
698,142.731402039245,138.282749765541
699,142.806979111249,138.349209111902
700,142.880652307309,138.413715706813
701,142.952347628205,138.476205625652
702,143.021992398401,138.536616709658
703,143.089515675052,138.594889710426
704,143.154850419671,138.650970359496
705,143.217931814266,138.704806408712
706,143.278697122843,138.756347808555
707,143.33708701572,138.805547702757
708,143.393045004039,138.852361849783
709,143.446516663749,138.896748789317
710,143.497450284894,138.938669785963
711,143.545797222972,138.97808903951
712,143.591511027551,139.014971880383
713,143.634548974807,139.04928834762
714,143.674871612732,139.081013607348
715,143.712443217141,139.110127394135
716,143.747231161632,139.136611870688
717,143.77920642513,139.160452581159
718,143.808342760214,139.181637247885
719,143.834615620323,139.200153967932
720,143.858002926699,139.215991904517
721,143.878484412618,139.229142186631
722,143.896041950511,139.239598171963
723,143.91066087683,139.247356596587
724,143.922329670547,139.252417589154
725,143.931038661776,139.254783130574
726,143.936781052059,139.254458846368
727,143.939553353534,139.251454872126
728,143.939354313741,139.245783240095
729,143.936184723636,139.237458015323
730,143.930047632327,139.226495780394
731,143.92094953843,139.212916481192
732,143.908899652046,139.196744042445
733,143.893909604582,139.178006341455
734,143.875993797567,139.156734688558
735,143.855170017737,139.1329634732
736,143.831459057214,139.106729615973
737,143.804884817984,139.078073454999
738,143.775473845542,139.047037439261
739,143.743254612231,139.013664930495
740,143.708257120046,138.978000032545
741,143.670513352,138.940089610852
742,143.63005875764,138.899984372653
743,143.586931130689,138.857736687521
744,143.541169159366,138.813400276745
745,143.492812578527,138.767031714912
746,143.441903515699,138.718690556269
747,143.388486173093,138.668437248874
748,143.332607208925,138.616334486403
749,143.274315164724,138.562445389512
750,143.213659411546,138.506832448426
751,143.150689893828,138.449558199518
752,143.085459577365,138.390688014276
753,143.018024096218,138.330289697354
754,142.948441264608,138.268431956565
755,142.876771013774,138.205184249174
756,142.803075260357,138.140617934147
757,142.727418336034,138.07480681489
758,142.649866712983,138.007827136366
759,142.570489787008,137.939757431562
760,142.489358693492,137.870677731426
761,142.406546609801,137.80067004713
762,142.322129701137,137.729819505692
763,142.236186455441,137.658213900203
764,142.148798515242,137.585944216568
765,142.060050257212,137.513103467921
766,141.970027672878,137.439785292545
767,141.878816911865,137.36608297435
768,141.786506012838,137.292090885854
769,141.693184443944,137.217903637574
770,141.598943763191,137.14361731407
771,141.503877485866,137.069329691748
772,141.408080316879,136.995139970105
773,141.311647872203,136.921147262629
774,141.214676591457,136.847450201196
775,141.117263801713,136.774147715885
776,141.019508675954,136.701339495367
777,140.921511086824,136.629125938098
778,140.823371057887,136.55760700781
779,140.72518796974,136.486880934094
780,140.62706100945,136.417045526837
781,140.529089403546,136.348198144412
782,140.431372313224,136.280435899459
783,140.334008617567,136.21385423881
784,140.237096844938,136.148546704975
785,140.140734176258,136.084604218487
786,140.045017484838,136.022116143441
787,139.950044503732,135.961172047802
788,139.855913368628,135.901861835682
789,139.762721681809,135.84427544824
790,139.67056766228,135.788502823703
791,139.579548889509,135.734631833998
792,139.489761754349,135.682749529541
793,139.401300592274,135.632940102093
794,139.314256895237,135.585283944063
795,139.22871877551,135.539857395663
796,139.144773212828,135.496735374769
797,139.062504915831,135.45599158415
798,138.981996384717,135.417697173791
799,138.90332808544,135.381921061465
800,138.82657968201,135.34873157563
801,138.751830966696,135.318197834143
802,138.679161017715,135.290388091392
803,138.608647411899,135.265369009568
804,138.540367180944,135.243207848969
805,138.474396576008,135.223970801706
806,138.410810941191,135.20772221315
807,138.349683956997,135.194525599975
808,138.291088894361,135.184443078204
809,138.235098591905,135.177536366647
810,138.181785396984,135.173866736104
811,138.131221087202,135.173495226363
812,138.083476256901,135.176481383909
813,138.038619845993,135.182882741013
814,137.996717943445,135.192752377735
815,137.957834000957,135.206138838419
816,137.922027496695,135.22308579614
817,137.889354535394,135.243633019643
818,137.859868218574,135.267817964129
819,137.833620188864,135.295676692153
820,137.810661578153,135.32724644389
821,137.791043286211,135.362565402698
822,137.774814954625,135.401671342831
823,137.762024024151,135.444599258073
824,137.752715046602,135.491379775519
825,137.746927127235,135.542037314977
826,137.744695675007,135.596592966612
827,137.746054005628,135.655065439175
828,137.751031465653,135.717469709688
829,137.759653629704,135.783817278688
830,137.771942999323,135.854116311977
831,137.787918550962,135.928371329926
832,137.807596029246,136.006583498237
833,137.830987150578,136.088750396229
834,137.858099435297,136.17486520971
835,137.888936902231,136.264916289431
836,137.923499072752,136.358886600988
837,137.961781711793,136.456755717591
838,138.003776812841,136.558499235467
839,138.04947227226,136.664088695182
840,138.098853145588,136.773493116839
841,138.151901265918,136.886678974519
842,138.208595309622,137.003609005591
843,138.26891109679,137.124243036936
844,138.332821210813,137.24853756366
845,138.400295012606,137.376445612291
846,138.471299783367,137.507918195677
847,138.545800137361,137.642902485841
848,138.623757629325,137.78134120295
849,138.705131645304,137.92317522584
850,138.789879769573,138.068343958906
851,138.877956788559,138.216783390669
852,138.969313697531,138.368425702385
853,139.063898263132,138.523199068228
854,139.161655903206,138.681028500509
855,139.262529863906,138.84183680894
856,139.366459978419,139.005544360264
857,139.4733834126,139.17206927346
858,139.583234552901,139.341326322601
859,139.695944722053,139.513227691746
860,139.811443449565,139.687684780078
861,139.929659568141,139.864609357547
862,140.050520218271,140.043910741424
863,140.173949862742,140.225495286348
864,140.299871349338,140.409268333453
865,140.428206836124,140.595133812227
866,140.558877805261,140.782992886369
867,140.691803376298,140.972743626235
868,140.826900668621,141.164282907953
869,140.96408487274,141.357505526422
870,141.103269973193,141.552305713736
871,141.244368988991,141.74857760446
872,141.387294314831,141.946215145107
873,141.531956657146,142.145111022406
874,141.67826491297,142.345156257054
875,141.826126627704,142.546241368372
876,141.975448474145,142.748256993693
877,142.126135672743,142.951092241894
878,142.278091945288,143.1546351037
879,142.43121952055,143.358771927104
880,142.585418571955,143.563387631158
881,142.740588651642,143.768366903897
882,142.896628949825,143.973594031122
883,143.053437197392,144.178951140599
884,143.210910534537,144.38431948409
885,143.368945402347,144.58957984606
886,143.527437279337,144.794612908711
887,143.686281267459,144.999300147186
888,143.845373786233,145.203524986613
889,144.004611224085,145.407171147811
890,144.16389074791,145.610123929716
891,144.323109191446,145.81226807796
892,144.482162891035,146.013487743827
893,144.640947714307,146.213666535519
894,144.799359711971,146.412688769504
895,144.957295558275,146.610440436962
896,145.114652475719,146.806808470946
897,145.271327089209,147.001680078258
898,145.427216984579,147.194943353533
899,145.582220311582,147.386486769724
900,145.736236468628,147.576200707466
901,145.889165736037,147.763975830664
902,146.040908651621,147.949703411909
903,146.191366053033,148.133274895421
904,146.340439914037,148.314583373382
905,146.488034383787,148.493524893321
906,146.634056289409,148.669999442719
907,146.778414402745,148.843909776734
908,146.921017982323,149.015159588799
909,147.061777960139,149.183654477691
910,147.200607216133,149.349300353997
911,147.337418407793,149.51200260237
912,147.472125675814,149.671668919145
913,147.604644622722,149.828208010397
914,147.734893000473,149.981531678096
915,147.862792060921,150.131556259961
916,147.988266993755,150.278203066138
917,148.111245558492,150.421395930198
918,148.231658785221,150.561061277721
919,148.349440892905,150.697128881283
920,148.464528760905,150.829531247505
921,148.576860436467,150.958202362614
922,148.686374889483,151.083077533482
923,148.793013370168,151.204095194783
924,148.896720188007,151.32119662513
925,148.997441510975,151.434323753809
926,149.095125239376,151.54342058715
927,149.189721426182,151.64843441028
928,149.28118249651,151.749316037175
929,149.369462049185,151.846019267294
930,149.454514964117,151.938500784904
931,149.536298170776,152.026719949448
932,149.614770728937,152.110637908634
933,149.689893924516,152.190218524629
934,149.761631632077,152.26542899097
935,149.829951202819,152.336241634822
936,149.894823111444,152.402634209867
937,149.956221883765,152.46459013831
938,150.014125303472,152.522097386413
939,150.068514319937,152.575147556503
940,150.119372565361,152.623735149402
941,150.166684924342,152.667854567582
942,150.210437606292,152.707500684913
943,150.250618952549,152.742669948612
944,150.287220047644,152.773362051416
945,150.320235699099,152.799581722802
946,150.349666381111,152.821340065509
947,150.375517232198,152.838653052135
948,150.397795804971,152.851540003788
949,150.416513882721,152.860024895943
950,150.431687948758,152.864136720908
951,150.443339054133,152.863909392285
952,150.451491260041,152.859379955896
953,150.456170587674,152.850587425407
954,150.457406779916,152.837575225227
955,150.455232823071,152.820389978138
956,150.44968483654,152.799082683936
957,150.440802298969,152.773709185018
958,150.428627622446,152.744328736639
959,150.413206241944,152.71100414589
960,150.394587722645,152.673802517317
961,150.372824444125,152.632794793076
962,150.347971791182,152.58805516622
963,150.320088376763,152.539661405355
964,150.289235157123,152.487694118313
965,150.2554751054,152.432236470337
966,150.218873421762,152.373373890073
967,150.179496604824,152.311192530339
968,150.137412705644,152.245780673262
969,150.092691655482,152.177229108075
970,150.045404286017,152.105628398084
971,149.995621547842,152.03106791764
972,149.943416130026,151.953639647636
973,149.888862509186,151.873438016627
974,149.832037211436,151.790560193734
975,149.773018294897,151.70510486862
976,149.711884959547,151.617171092892
977,149.648718531367,151.526858712447
978,149.583602027077,151.434268597026
979,149.516619747151,151.339502956921
980,149.447858198191,151.242665923933
981,149.377404652645,151.143861718577
982,149.305346001244,151.043193457228
983,149.231770424077,150.940765835594
984,149.156768140123,150.83668576307
985,149.08043018215,150.731060466704
986,149.002848432751,150.623998890508
987,148.924114890743,150.515611418298
988,148.844323166701,150.406010368098
989,148.763568396983,150.295308780624
990,148.681946721481,150.18362042387
991,148.599554207082,150.071058876771
992,148.516487244313,149.957737993396
993,148.432842381154,149.843771240067
994,148.348716379077,149.729271529426
995,148.264206584515,149.61435168618
996,148.179411580377,149.499125327036
997,148.094429999761,149.383705981079
998,148.009361375241,149.26820851713
999,147.924305557958,149.152747320759
1000,147.839362835276,149.037437177556
1001,147.754634643665,148.922394039917
1002,147.670222824793,148.807734136999
1003,147.586229109818,148.693573529971
1004,147.502755270714,148.580028479647
1005,147.419901818224,148.467213738277
1006,147.337766939158,148.355241228541
1007,147.256448174277,148.244221258513
1008,147.176042489221,148.134262079135
1009,147.096644658042,148.025469455717
1010,147.01834824679,147.917948176388
1011,146.941244559609,147.811800736607
1012,146.865423053945,147.707128312857
1013,146.790971772692,147.60403066514
1014,146.717977092581,147.502605807671
1015,146.646523858571,147.402950304723
1016,146.576695094659,147.305158058212
1017,146.508572405148,147.209321077582
1018,146.442236759402,147.115530222838
1019,146.377766863407,147.023874172488
1020,146.315239919606,146.934440957167
1021,146.254731507643,146.847317228863
1022,146.19631553972,146.762588713059
1023,146.140064789579,146.68034002618
1024,146.08605087179,146.600654920576
1025,146.034343937605,146.523616301707
1026,145.985011573033,146.449304533819
1027,145.938118233419,146.37779606297
1028,145.893725072271,146.30916385397
1029,145.851891740423,146.243479460614
1030,145.812674710415,146.180811119484
1031,145.776127780254,146.12122579303
1032,145.742304126676,146.064790430933
1033,145.711254003862,146.011568886282
1034,145.683025665994,145.961623540588
1035,145.657664745109,145.915013163343
1036,145.635213340417,145.871791905222
1037,145.615709952953,145.832009337121
1038,145.599188755823,145.795710856223
1039,145.585680309293,145.762938619601
1040,145.575212175584,145.733732033631
1041,145.567809316736,145.708127688434
1042,145.563494482324,145.68615897864
1043,145.562288010558,145.667855543096
1044,145.564206737393,145.653242329874
1045,145.569263398712,145.642340391656
1046,145.577467359765,145.63516824635
1047,145.588825028582,145.631741138498
1048,145.603339368078,145.632069565299
1049,145.621011160108,145.636160207788
1050,145.64183956148,145.644016132322
1051,145.665822514084,145.655637391006
1052,145.692955854409,145.67102120183
1053,145.723232984818,145.690162599826
1054,145.756645204225,145.713053947161
1055,145.793181262237,145.739684324691
1056,145.832826441453,145.770038290322
1057,145.875563173964,145.804095557603
1058,145.921371143664,145.841831300377
1059,145.970227870512,145.883217099376
1060,146.022108301036,145.928221154497
1061,146.076984965719,145.976808748883
1062,146.134828832948,146.028943635684
1063,146.195608411993,146.084586866171
1064,146.259289951915,146.143696867702
1065,146.325837111858,146.206229384106
1066,146.39521036205,146.272136316993
1067,146.467365808506,146.341364803536
1068,146.542255562975,146.413857441089
1069,146.619829134456,146.489553266489
1070,146.700032056669,146.56838659651
1071,146.782805226338,146.650286438849
1072,146.868084423383,146.735176275631
1073,146.955803519066,146.822977871846
1074,147.045895549519,146.913612010651
1075,147.138291014327,147.006995323612
1076,147.232917808178,147.10304131872
1077,147.329700949408,147.201659360307
1078,147.428564281815,147.302756100087
1079,147.529430449903,147.406236307785
1080,147.632219917724,147.512002334445
1081,147.736850443885,147.619954291239
1082,147.843237820285,147.729989202651
1083,147.951295176351,147.842001077969
1084,148.060933119847,147.955881560191
1085,148.172060990052,148.071519973154
1086,148.284587529995,148.188804185516
1087,148.398420331229,148.307621478104
1088,148.51346645353,148.427859889842
1089,148.62963238443,148.549407686119
1090,148.746823802239,148.672152613926
1091,148.864946772186,148.795984795546
1092,148.983909162843,148.920798324891
1093,149.103618584774,149.046485987287
1094,149.22398260551,149.17293888882
1095,149.344908328552,149.300047055636
1096,149.466302229831,149.427700087916
1097,149.588070655727,149.555788317646
1098,149.710119331479,149.684202219689
1099,149.832352833073,149.812831901024
1100,149.954675875295,149.941567860119
1101,150.076991956555,150.070299426357
1102,150.199204268831,150.198916061061
1103,150.321216551084,150.327308210912
1104,150.442931885494,150.455365821341
1105,150.564252274827,150.582977745393
1106,150.685080062772,150.710033761561
1107,150.805317357023,150.83642286346
1108,150.92486722328,150.962034642633
1109,151.0436329479,151.086758956939
1110,151.161517698956,151.210486508286
1111,151.27842536363,151.333109697537
1112,151.394261218595,151.454522864493
1113,151.508931260907,151.574620578042
1114,151.622342074053,151.6932983546
1115,151.734400974807,151.81045307472
1116,151.845015854866,151.92598337422
1117,151.954093662318,152.039787570453
1118,152.061542101208,152.151764731095
1119,152.167269190674,152.261814083393
1120,152.271184321585,152.369837194342
1121,152.373198448538,152.475737169361
1122,152.473223043545,152.579417402723
1123,152.571169869981,152.680781913137
1124,152.666951262309,152.779735747305
1125,152.760480591816,152.876185766931
1126,152.851673737613,152.970042087346
1127,152.940450352643,153.061219343589
1128,153.026731987163,153.149634971936
1129,153.110441375531,153.235209337079
1130,153.191503420158,153.31786524903
1131,153.269844637962,153.397527135978
1132,153.345394425296,153.474122080646
1133,153.418085569746,153.54758047897
1134,153.487853645939,153.617836471094
1135,153.554637897908,153.684828371157
1136,153.618380087064,153.748497012758
1137,153.679024295207,153.808786429622
1138,153.736516197815,153.865643004888
1139,153.790803101302,153.919015362126
1140,153.84183519378,153.968855462633
1141,153.889565520191,154.015117089261
1142,153.933949190383,154.057755073031
1143,153.974943738814,154.09672656159
1144,154.012509194633,154.131991399073
1145,154.046608508294,154.163512234416
1146,154.077206801692,154.191252922728
1147,154.104271892779,154.215179812328
1148,154.127774807362,154.235262954982
1149,154.147690462485,154.251476509107
1150,154.163995881625,154.263796848756
1151,154.176672146816,154.27220455516
1152,154.185703548527,154.276682974694
1153,154.191076232502,154.277217218569
1154,154.192780288789,154.273796541623
1155,154.190808692654,154.266412989347
1156,154.185158060935,154.255063330403
1157,154.175829061624,154.239749340455
1158,154.162825596315,154.220476351521
1159,154.146156477209,154.197254793802
1160,154.125833736812,154.170098579277
1161,154.10187211844,154.139024386171
1162,154.074289085555,154.104052447888
1163,154.043105486612,154.065207739796
1164,154.008345593576,154.02251999985
1165,153.97003755463,153.976023744988
1166,153.928213480485,153.925757692839
1167,153.882909593238,153.871764353349
1168,153.834165887109,153.81408990211
1169,153.782025828202,153.752784768903
1170,153.726534231817,153.687901150915
1171,153.667737267042,153.619493523405
1172,153.60568189354,153.547617585014
1173,153.540416183688,153.472330415971
1174,153.471989507249,153.393690616989
1175,153.40045259539,153.311758360751
1176,153.325857736819,153.226595410897
1177,153.248260133289,153.138266174427
1178,153.167716896049,153.046837924772
1179,153.084286309189,152.952380052668
1180,152.998027712937,152.854963415039
1181,152.909001997514,152.754660620167
1182,152.817271350318,152.65154567494
1183,152.722898666832,152.545694129122
1184,152.625949602016,152.437185119216
1185,152.526491238853,152.326100578193
1186,152.424592749699,152.212524201345
1187,152.320324822367,152.09654099348
1188,152.213760138978,151.978237845025
1189,152.104972708651,151.857703952418
1190,151.994038550563,151.735031063016
1191,151.881036803193,151.610314396639
1192,151.766049408948,151.483653009174
1193,151.649161884382,151.355149914209
1194,151.530460721131,151.224908991827
1195,151.410032281148,151.09303495604
1196,151.287964731917,150.959636007759
1197,151.164348526047,150.824823321751
1198,151.039276374975,150.688711060557
1199,150.912840740861,150.551413894992
1200,150.785133868816,150.413046714258
1201,150.656249809368,150.273726164532
1202,150.526284256772,150.133569706652
1203,150.395334265263,149.992696768896
1204,150.263499382123,149.851229267366
1205,150.130880926367,149.709290455485
1206,149.997580692886,149.567004781747
1207,149.863699716385,149.424496550786
1208,149.729339341342,149.281889382245
1209,149.594601002482,149.139305401259
1210,149.459585959996,148.996865165642
1211,149.324395601604,148.854688978332
1212,149.189130320464,148.71289451846
1213,149.053888043644,148.571595336303
1214,148.918766481652,148.430905769452
1215,148.783863097492,148.290941550013
1216,148.649275109506,148.151818317121
1217,148.515099885546,148.013651882643
1218,148.381433893142,147.876556758237
1219,148.248373088268,147.74064687304
1220,148.116013889277,147.606036141863
1221,147.984451441889,147.472837635694
1222,147.853781987861,147.341165985955
1223,147.72410238123,147.211136163292
1224,147.595509164049,147.082861998009
1225,147.468098173597,146.956456671006
1226,147.341965263008,146.832033521291
1227,147.217205126741,146.709704384567
1228,147.093911553905,146.589580101237
1229,146.972176455525,146.471769499121
1230,146.852090145052,146.35637961702
1231,146.733741649381,146.243515715556
1232,146.617217859903,146.133280156014
1233,146.502603552719,146.02577225859
1234,146.38998187013,145.921090215736
1235,146.279434720456,145.819331134924
1236,146.171042797387,145.720590641681
1237,146.064885311864,145.624961706049
1238,145.961040979254,145.532535889424
1239,145.859586693219,145.443402510822
1240,145.76059758144,145.357648348453
1241,145.664145717729,145.275356045275
1242,145.570299581729,145.196604661702
1243,145.479125588909,145.121470528324
1244,145.390688121547,145.05002661813
1245,145.305049457926,144.982342824285
1246,145.222269530817,144.918485581195
1247,145.142404871817,144.858517096261
1248,145.065508421421,144.802494951658
1249,144.991630542546,144.750473015148
1250,144.920819685373,144.702501253584
1251,144.853122000315,144.658626382715
1252,144.788581304067,144.618892042008
1253,144.727237723145,144.58333806212
1254,144.669127129364,144.551999898248
1255,144.614282393886,144.524908465755
1256,144.56273280011,144.502090502315
1257,144.514505187793,144.483569844038
1258,144.469623996473,144.46936701404
1259,144.428111983172,144.459500068191
1260,144.389989960671,144.453984052237
1261,144.355275490003,144.452829748604
1262,144.323982296457,144.456045158789
1263,144.296122052051,144.463637312412
1264,144.271703953211,144.475610333152
1265,144.25073419022,144.491964923377
1266,144.233215349985,144.512698286128
1267,144.219147314676,144.537805463939
1268,144.208527270322,144.567278649385
1269,144.201349246442,144.601106357983
1270,144.197603490089,144.639272677563
1271,144.19727782586,144.681758372024
1272,144.200356021086,144.728539810344
1273,144.206818666833,144.779590058825
1274,144.216644043089,144.834879357225
1275,144.229806894511,144.894374042256
1276,144.246278907954,144.958037259697
1277,144.266028227728,145.025827466825
1278,144.289018735055,145.097698034352
1279,144.31521136985,145.173599219832
1280,144.344563131548,145.253476347489
1281,144.377028046492,145.337270909518
1282,144.41255713347,145.424920503785
1283,144.451098294033,145.516358281293
1284,144.492595757753,145.611512644028
1285,144.536990317764,145.710308151077
1286,144.584219944313,145.81266597359
1287,144.634220245621,145.918504229577
1288,144.686923753868,146.027738013951
1289,144.742259884906,146.140280189653
1290,144.800156057976,146.256041826881
1291,144.860538741849,146.374933897211
1292,144.923333808395,146.496866958828
1293,144.988466506691,146.621751663258
1294,145.055861571015,146.749498414861
1295,145.125443106075,146.880016131848
1296,145.197133548966,147.013212367763
1297,145.270853908954,147.148994008119
1298,145.346522416074,147.28726705867
1299,145.424055765825,147.427936690097
1300,145.50337027246,147.570907980699
1301,145.584381739043,147.716086079286
1302,145.667005236201,147.86337560246
1303,145.751154919323,148.012680810103
1304,145.836745593549,148.163905823049
1305,145.923690160676,148.316951908401
1306,146.011900775035,148.471717653813
1307,146.101287807861,148.628100314777
1308,146.191761560565,148.78599774027
1309,146.283232649205,148.94530834746
1310,146.375614014073,149.105931193206
1311,146.46881786352,149.267763891247
1312,146.56275451157,149.430702083961
1313,146.657333733259,149.594639407635
1314,146.752464117153,149.75946768314
1315,146.848054753441,149.925078912505
1316,146.944016741155,150.091365322011
1317,147.040260810744,150.258217177893
1318,147.136696169256,150.425523036601
1319,147.23323071515,150.593170080275
1320,147.329772491149,150.761045538437
1321,147.426229958094,150.9290366634
1322,147.522509846087,151.097028865981
1323,147.618517119571,151.264906248352
1324,147.714155319738,151.43255118661
1325,147.80932605268,151.599844340892
1326,147.903929800186,151.766665730878
1327,147.997866761801,151.932895261861
1328,148.091039250825,152.098414808633
1329,148.183350655326,152.263108021582
1330,148.274705271227,152.426860785211
1331,148.365008853665,152.589561351664
1332,148.454168336654,152.751099110156
1333,148.542092112197,152.911365494137
1334,148.628691013853,153.070254679377
1335,148.713876562062,153.227660611211
1336,148.797561116385,153.383476909439
1337,148.879657947808,153.537598241026
1338,148.960080934616,153.689919854342
1339,149.03874584649,153.840338992264
1340,149.115569969362,153.988754251699
1341,149.190471599456,154.135065300737
1342,149.263371470981,154.279172898926
1343,149.334189486149,154.420975897919
1344,149.402845002602,154.560372349794
1345,149.469257926444,154.697261448387
1346,149.533350109832,154.831543413894
1347,149.595043717042,154.963118162944
1348,149.654261968173,155.091886228124
1349,149.710929634961,155.217749835879
1350,149.764973420126,155.340613120888
1351,149.816321644879,155.460381999009
1352,149.864904817472,155.576964370135
1353,149.910656345542,155.690270971222
1354,149.953512494614,155.800215964143
1355,149.993412539593,155.906716049017
1356,150.030298134999,156.009689713662
1357,150.064113259243,156.109057835568
1358,150.094804500537,156.204744768817
1359,150.122321119436,156.296678275531
1360,150.146615636165,156.384789939441
1361,150.167643562077,156.469015299565
1362,150.185364745659,156.549294961406
1363,150.199743772403,156.62557428846
1364,150.210748439588,156.697803084963
1365,150.218350304356,156.765936459694
1366,150.222524474528,156.829933958032
1367,150.223249352093,156.889759077966
1368,150.220507369339,156.945379795504
1369,150.214284373857,156.996768396804
1370,150.204568910163,157.04390118489
1371,150.191352080178,157.086758869154
1372,150.174628101918,157.125326694963
1373,150.154395169166,157.159594651591
1374,150.130656273071,157.189557656061
1375,150.10341915775,157.21521503212
1376,150.072694826282,157.236570158848
1377,150.038497449166,157.253629605061
1378,150.000843683718,157.266402848028
1379,149.95975274626,157.274902620176
1380,149.915246141323,157.279144499099
1381,149.867347718668,157.279147548566
1382,149.816084950416,157.27493516489
1383,149.761489237216,157.266533363627
1384,149.703593634571,157.253968775269
1385,149.642432721162,157.237269853516
1386,149.578043325041,157.216467445655
1387,149.510465124724,157.191594912469
1388,149.439740378678,157.162688099147
1389,149.365913762772,157.129785658637
1390,149.289032875723,157.092929693751
1391,149.209148730841,157.052166146744
1392,149.126314310303,157.00754390697
1393,149.040585558181,156.959115097513
1394,148.952020560238,156.906934154016
1395,148.860678686065,156.851057579314
1396,148.766621357464,156.791544126617
1397,148.669911979714,156.728454249367
1398,148.570615700061,156.661851199766
1399,148.468800893014,156.59180207776
1400,148.364538198236,156.518376751054
1401,148.257900901289,156.44164909983
1402,148.148965190662,156.361696600331
1403,148.037810175061,156.278600874203
1404,147.924518051728,156.19244776241
1405,147.809174068786,156.10332644785
1406,147.691865911819,156.011327939455
1407,147.572681901036,155.916544289109
1408,147.451710442527,155.819068252571
1409,147.329040689281,155.718993299196
1410,147.204763035947,155.616412744017
1411,147.078967842426,155.511419280124
1412,146.951746145964,155.404105424997
1413,146.82318914754,155.294563304564
1414,146.693388001584,155.182884224304
1415,146.562433829627,155.069159167541
1416,146.430418913432,154.953481226734
1417,146.297438105456,154.835945613
1418,146.163588158243,154.716648416971
1419,146.028968444273,154.595685817407
1420,145.89367998423,154.473153874641
1421,145.757823499473,154.349147436489
1422,145.621499492806,154.223760297587
1423,145.484808250898,154.09708609561
1424,145.347850754785,153.969218645379
1425,145.210726737863,153.840251190183
1426,145.073536306013,153.710278655569
1427,144.936379834122,153.579398010674
1428,144.799358433598,153.447706718952
1429,144.662572202143,153.315300785971
1430,144.526119637,153.182274555717
1431,144.390095140332,153.048720001668
1432,144.254592843731,152.914729856223
1433,144.119707444851,152.780397562321
1434,143.985533002848,152.645817078832
1435,143.852163334866,152.51108286742
1436,143.719690340732,152.37628785056
1437,143.588202436768,152.241522969174
1438,143.457786378018,152.106879025717
1439,143.328529356136,151.972447192106
1440,143.200518968523,151.838318836048
1441,143.073843111325,151.704585485786
1442,142.948589542283,151.571338695859
1443,142.824846691912,151.438670858913
1444,142.702704197354,151.306675322358
1445,142.582252425355,151.175445951704
1446,142.463581829604,151.045076234399
1447,142.346782710001,150.915658970844
1448,142.231945207565,150.787286225473
1449,142.119156558614,150.660046935874
1450,142.00850125989,150.534027069676
1451,141.900061421901,150.409309349125
1452,141.793916329074,150.285973235888
1453,141.690142561269,150.16409576565
1454,141.58881458244,150.043751987501
1455,141.490004039594,149.925014597164
1456,141.39378073288,149.80795515058
1457,141.30021232109,149.692644001911
1458,141.20936443125,149.579149305492
1459,141.121300863136,149.467537243229
1460,141.036083000959,149.35787157095
1461,140.95377023496,149.2502142105
1462,140.874419793375,149.144625196543
1463,140.798085953586,149.041163076046
1464,140.724822510795,148.939887123253
1465,140.654682596572,148.840856973482
1466,140.587717692947,148.744131156641
1467,140.523976686484,148.649767086672
1468,140.463507460224,148.557822320626
1469,140.406356639817,148.468354399636
1470,140.35256873134,148.381419206408
1471,140.302186191268,148.297071218303
1472,140.255250325671,148.215363949837
1473,140.211799945952,148.136348817312
1474,140.171870617806,148.060074510644
1475,140.135494339499,147.986586287063
1476,140.102698915843,147.91592597894
1477,140.073508456972,147.848132567269
1478,140.047943347399,147.78324147055
1479,140.026020861625,147.721284718978
1480,140.007754868371,147.662290880823
1481,139.993155572616,147.606284813635
1482,139.982230015686,147.553288091986
1483,139.97498083039,147.503317910558
1484,139.971406166866,147.456386947298
1485,139.971500388887,147.412503227145
1486,139.975253762197,147.371670012288
1487,139.98265337441,147.333887169521
1488,139.993683647229,147.299151872017
1489,140.008325192661,147.267457379488
1490,140.026555071005,147.23879304092
1491,140.048347796914,147.213144800959
1492,140.073675131832,147.190494807017
1493,140.102505122168,147.170820503193
1494,140.134800825611,147.154094274773
1495,140.170520437547,147.140283957156
1496,140.209618204423,147.129354058943
1497,140.252044885368,147.121265866033
1498,140.29774776479,147.115977630355
1499,140.346671086005,147.113444555779
1500,140.398756569663,147.113619025283
1501,140.453943475126,147.11645071177
1502,140.512168579867,147.121886122451
1503,140.573365437963,147.129868499203
1504,140.637464425652,147.140339138389
1505,140.704394403257,147.15323890634
1506,140.774083935455,147.168508428471
1507,140.846460519662,147.186087392097
1508,140.921449608415,147.205913824502
1509,140.998974205057,147.227923317049
1510,141.078954887674,147.252048915606
1511,141.161309491165,147.278220581442
1512,141.245952755549,147.306365405322
1513,141.332798572644,147.336409280777
1514,141.421759168859,147.368276370258
1515,141.512745424917,147.401889553327
1516,141.605668317017,147.437171297324
1517,141.700438319654,147.474043691385
1518,141.796965349828,147.512428961995
1519,141.895159433635,147.552248854287
1520,141.994929104309,147.593423602106
1521,142.096181193889,147.635871496725
1522,142.198820525776,147.679507947516
1523,142.302749251488,147.724245649746
1524,142.407867283093,147.769994383859
1525,142.514071737331,147.816660687023
1526,142.621256908204,147.864148806796
1527,142.729315430123,147.912362359338
1528,142.838140113327,147.961204979174
1529,142.947624294762,148.010580734347
1530,143.057661620801,148.060394110907
1531,143.168145314967,148.110550571494
1532,143.278987778363,148.160973352335
1533,143.390101251949,148.211585695997
1534,143.501397564109,148.262311021392
1535,143.612789232524,148.313073805089
1536,143.724189118971,148.363798792059
1537,143.835508047993,148.414408050894
1538,143.946653631241,148.464820721715
1539,144.057531389539,148.514954527677
1540,144.168044861013,148.564726849711
1541,144.278095976114,148.61405476433
1542,144.387587268847,148.662856695143
1543,144.496421837312,148.711052412145
1544,144.604503475268,148.758562184986
1545,144.711735686622,148.805306009054
1546,144.818022573411,148.85120381636
1547,144.923268589501,148.89617459064
1548,145.027378327583,148.940136469131
1549,145.130257086128,148.983008278684
1550,145.231811515431,149.024710196641
1551,145.331949344972,149.065163428627
1552,145.430580535445,149.104290359501
1553,145.527614875107,149.142012441678
1554,145.622961989032,149.178250806048
1555,145.716531777068,149.212926540077
1556,145.808233961869,149.245960165968
1557,145.897979540663,149.277273436358
1558,145.985681906695,149.306790044961
1559,146.071256231502,149.334434577088
1560,146.154617582336,149.36013157081
1561,146.235681229597,149.383806084351
1562,146.314362386555,149.405383297709
1563,146.39057654596,149.424788946802
1564,146.464240121717,149.441949766359
1565,146.535269757634,149.456793262625
1566,146.603582935779,149.469248601101
1567,146.669099168495,149.479247755202
1568,146.731739646464,149.486724966986
1569,146.791426509468,149.49161590718
1570,146.848084115965,149.493858866999
1571,146.901639498575,149.493394901895
1572,146.952022120265,149.490168032172
1573,146.999164202903,149.484125489851
1574,147.043000829322,149.475217282749
1575,147.083469292896,149.463395438582
1576,147.120509892177,149.448614678831
1577,147.154065197924,149.430831832588
1578,147.184080145228,149.410005476412
1579,147.210501922096,149.386096776006
1580,147.233280019769,149.359069528186
1581,147.252366257354,149.328889887573
1582,147.267714150371,149.295525805613
1583,147.279279445545,149.258947200122
1584,147.287020620944,149.219125793966
1585,147.290897901801,149.176034250613
1586,147.290873534859,149.129645922718
1587,147.286912422529,149.079935728347
1588,147.278982271156,149.026880255431
1589,147.267053335941,148.970457325973
1590,147.251098148327,148.910645621294
1591,147.231092161144,148.847425932701
1592,147.208259739765,148.781966178784
1593,147.182573867853,148.714241350017
1594,147.154008858989,148.644227603298
1595,147.122540994545,148.571902686489
1596,147.088148904764,148.497246344145
1597,147.050814158736,148.420240539411
1598,147.010521124978,148.340869406888
1599,146.967256973376,148.259119669796
1600,146.92101054166,148.174979596947
1601,146.871772398876,148.088438875902
1602,146.819535032146,147.999488792547
1603,146.764292562151,147.908121898512
1604,146.706041546451,147.814332882873
1605,146.644780967026,147.718118988602
1606,146.580512289906,147.619480384289
1607,146.513239455317,147.518419781746
1608,146.442967699758,147.414941076294
1609,146.369703124627,147.309048867305
1610,146.293454023085,147.200750063528
1611,146.214231122407,147.090054131548
1612,146.132046728261,146.976972483584
1613,146.046915053256,146.861518789048
1614,145.958853002439,146.743709830781
1615,145.86788106954,146.623565776692
1616,145.774022821837,146.501109481818
1617,145.677303678386,146.376365344476
1618,145.57775140964,146.249359685586
1619,145.475396497499,146.120121261597
1620,145.370271948953,145.988681293462
1621,145.262412512759,145.855072846791
1622,145.151854461978,145.719330608691
1623,145.038635687665,145.581491198511
1624,144.922796060924,145.441593101351
1625,144.804377421993,145.299676167879
1626,144.683423023963,145.155780880139
1627,144.559975859588,145.00994733768
1628,144.434079162859,144.862215797774
1629,144.305777604321,144.712627765651
1630,144.175118104005,144.561226936903
1631,144.042150025335,144.408059254451
1632,143.906925238529,144.253173353513
1633,143.769498323916,144.096620173688
1634,143.629924118563,143.938450914279
1635,143.488258762697,143.778718143833
1636,143.344560038387,143.617475834991
1637,143.198885476387,143.45477771625
1638,143.051292648161,143.290677308227
1639,142.901839289355,143.125227639178
1640,142.750582731344,142.958481314418
1641,142.597580806707,142.79049082477
1642,142.442893131243,142.621310094916
1643,142.286581466354,142.450995482069
1644,142.128710378819,142.279605797143
1645,141.969346681691,142.107202068988
1646,141.808560465249,141.933848496324
1647,141.646425761626,141.759612233322
1648,141.483019292984,141.584562120931
1649,141.318419646276,141.40876871323
1650,141.152707299345,141.2323040826
1651,140.985964580646,141.055241946497
1652,140.906329575166,140.966243733089
1653,140.825613230905,140.876388646049
1654,140.743828237754,140.785689337035
1655,140.660988074764,140.694158948483
1656,140.57710630329,140.601810609439
1657,140.492196836654,140.508657928242
1658,140.406275365507,140.41471653585
1659,140.319359975809,140.320004362527
1660,140.231470544999,140.224540916763
1661,140.142628552638,140.128346807611
1662,140.052857110201,140.031443856508
1663,139.962179934015,139.933854158027
1664,139.870621406092,139.835599994491
1665,139.778206494856,139.736704213613
1666,139.684961220136,139.637190747054
1667,139.590912614387,139.537084804036
1668,139.496088598996,139.436413020756
1669,139.4005180542,139.335203232241
1670,139.304230282745,139.233483718265
1671,139.207255073539,139.131283315146
1672,139.109623244151,139.028631874389
1673,139.011366595536,138.9255605849
1674,138.912518757519,138.822102730439
1675,138.813114992456,138.718293282343
1676,138.713192222368,138.614168807535
1677,138.612789490499,138.509768049159
1678,138.511947347936,138.405131145429
1679,138.410707399661,138.300299217373
1680,138.309112397146,138.195314769645
1681,138.207207192802,138.0902223417
1682,138.105038407718,137.985067968893
1683,138.002654638234,137.879899522923
1684,137.900106412679,137.774766454403
1685,137.797445540292,137.669719286055
1686,137.694725647123,137.564809767427
1687,137.592001782589,137.460090244792
1688,137.489329633473,137.355612919527
1689,137.38676595153,137.251430452474
1690,137.284369345875,137.147596881326
1691,137.1822002812,137.04416755125
1692,137.080320815694,136.941199071391
1693,136.978794805151,136.838749231024
1694,136.877687710886,136.736876686071
1695,136.777066520555,136.635641171679
1696,136.677000214101,136.535104083178
1697,136.577559180787,136.435327886984
1698,136.478815976613,136.33637664812
1699,136.380845540505,136.238316656872
1700,136.283725402435,136.141215920112
1701,136.187535658335,136.045144113121
1702,136.092359171481,135.950173013699
1703,135.998282424463,135.856377087034
1704,135.905395224506,135.763833522787
1705,135.813790481725,135.672622388975
1706,135.723564819551,135.58282716584
1707,135.634818525692,135.494535381693
1708,135.547655451343,135.407838302044
1709,135.462183407186,135.322831072422
1710,135.37851389862,135.239612936267
1711,135.296762921614,135.158288101255
